{"cameraMode":{"drawMode":0,"name":"Shaded","section":"Shading Mode"},"sceneLighting":false,"audioPlay":false,"sceneViewState":{"showFog":true,"showMaterialUpdate":false,"showSkybox":false,"showFlares":true,"showImageEffects":true,"showParticleSystems":true,"showVisualEffectGraphs":true,"m_FxEnabled":true},"in2DMode":false,"pivot":{"x":3.8605971336364748,"y":2.0043866634368898,"z":-14.868795394897461},"rotation":{"x":0.061044394969940189,"y":-0.9326150417327881,"z":0.18886511027812959,"w":0.30142414569854739},"size":2.9170618057250978,"orthographic":false}